 ,Order,Family,Genus,Species,Binomial,Sex,AdultBodyMass_g,Sample_size_bodyMass,reference_bodymass,MaxLongevity_m,Adult_tibia_length_m,Adult_tibia_length_CI_m,sample_size_tibia,reference-tibia,Adult_ear_length_mm,Adult_ear_length_CI_mm,sample_size_ear,reference-ear-length,Adult_forearm_length_mm,Adult_forearm_length_CI_mm,sample_size_forearm,reference-forearm
Santino,Chiroptera,Pteropodidae,Balionycteris,maculata,Balionycteris maculata,Male,12,5,"ibnu Maryanto, 2003
",NA,12.65,NA,5,"ibnu Maryanto, 2003
",7.29,NA,5,"ibnu Maryanto, 2003
",40.15,NA,5,"ibnu Maryanto, 2003
"
Santino,Chiroptera,Pteropodidae,Balionycteris,maculata,Balionycteris maculata,Female,12.21,7,"ibnu Maryanto, 2003
",NA,12.59,NA,7,"ibnu Maryanto, 2003
",7.13,NA,7,"ibnu Maryanto, 2003
",39.21,NA,7,"ibnu Maryanto, 2003
"
Santino,Chiroptera,Pteropodidae,Chironax,melanocephalus,Chironax melanocephalus,NA,19.5,1,Hasan et al 2012,NA,NA,NA,1,Hasan et al 2012,14.9,NA,1,Hasan et al 2012,47.6,NA,1,Hasan et al 2012
Santino,Chiroptera,Pteropodidae,Casinycteris,argynnis,Casinycteris argynnis,Female,31.5,2,Van Cakenberghe et al 1995,NA,24.1,NA,2,Van Cakenberghe et al 1995,18.8,NA,2,Van Cakenberghe et al 1995,58.75,NA,2,Van Cakenberghe et al 1995
Santino,Chiroptera,Pteropodidae,Cynopterus,brachyotis,Cynopterus brachyotis,NA,30.1 -62,6,Huang et al 2014,,22.5-26.7,NA,6,Huang et al 2014,16.1-18.1,NA,6,Huang et al 2014,66.4-69.5,NA,6,Huang et al 2014
Santino,Chiroptera,Pteropodidae,Cynopterus,horsfieldii,Cynopterus horsfieldii,NA,57.9,31,Campbell et al 2007,NA,27.4,NA,27,Campbell et al 2007,NA,NA,NA,NA,73.24,NA,27,Campbell et al 2007
Santino,Chiroptera,Pteropodidae,Cynopterus,luzoniensis,Cynopterus luzoniensis,NA,NA,23,Mudar & Allen 1986,NA,NA,NA,23,Mudar & Allen 1986,17.2,NA,23,Mudar & Allen 1986,65.1,NA,23,Mudar & Allen 1986
Santino,Chiroptera,Pteropodidae,Cynopterus,minutus,Cynopterus minutus,NA,45 - 50,5,Rasanleleh et al 2020,NA,NA,NA,5,Rasanleleh et al 2020,12.5 - 14,NA,5,Rasanleleh et al 2020,55,NA,5,Rasanleleh et al 2020
Santino,Chiroptera,Pteropodidae,Cynopterus,nusatenggara,Cynopterus nusatenggara,NA,31.1,NA,Kitchener&Maharadatunkamsi_1996,NA,23.9,NA,NA,Kitchener&Maharadatunkamsi_1996,15.2,NA,NA,Kitchener&Maharadatunkamsi_1996,60.2,NA,NA,Kitchener&Maharadatunkamsi_1996
Santino,Chiroptera,Pteropodidae,Cynopterus,sphinx,Cynopterus sphinx,NA,47,31,Campbell et al 2007,NA,26.96,NA,23,Campbell et al 2007,18 - 20.5,NA,38,Huang et al 2014,68.65,NA,23,Campbell et al 2007
Santino,Chiroptera,Pteropodidae,Cynopterus,titthaecheilus,Cynopterus titthaecheilus,NA,NA,NA,Kitchener&Foley_1985,NA,"30,7 - 34.7",NA,NA,Kitchener&Foley_1985,18.8 - 19.2,NA,NA,Kitchener&Foley_1985,NA,NA,NA,NA
Santino,Chiroptera,Pteropodidae,Dobsonia,anderseni,Dobsonia anderseni,NA,NA,NA,,NA,NA,NA,NA,NA,NA,NA,NA,NA,NA,NA,NA,NA
Santino,Chiroptera,Pteropodidae,Dobsonia,beauforti,Dobsonia beauforti,Male,156,1,Yohanita _et_al_2010,NA,45.32,NA,17,Yohanita _et_al_2010,25.45,NA,17,Yohanita _et_al_2010,106.4,NA,1,Bergmans&Sarbini_1985
Santino,Chiroptera,Pteropodidae,Dobsonia,beauforti,Dobsonia beauforti,Female,140,1,Yohanita _et_al_2010,NA,43.03,NA,28,Yohanita _et_al_2010,26.17,NA,28,Yohanita _et_al_2010,107.9,NA,1,Bergmans&Sarbini_1985
Santino,Chiroptera,Pteropodidae,Dobsonia,chapmani,Dobsonia chapmani,Female,140.5,2,,NA,NA,NA,NA,NA,265.5,NA,2,Pangutalan_et_al_2004,128.4,NA,2,Pangutalan_et_al_2004
Santino,Chiroptera,Pteropodidae,Dobsonia,crenulata,Dobsonia crenulata,NA,NA,NA,,NA,NA,NA,NA,NA,NA,NA,NA,NA,NA,NA,NA,NA
Santino,Chiroptera,Pteropodidae,Dobsonia,emersa,Dobsonia emersa,Male,195.25,4,Yohanita _et_al_2010,NA,49.25,NA,4,Yohanita _et_al_2010,28.75,NA,4,Yohanita _et_al_2010,115.5,NA,4,Yohanita _et_al_2010
Santino,Chiroptera,Pteropodidae,Dobsonia,exoleta,Dobsonia exoleta,NA,282.21-320,NA,,NA,NA,NA,NA,NA,25-26.66,NA,NA,Rasanleleh et al 2020,110-116.67,NA,NA,Rasanleleh et al 2020
Santino,Chiroptera,Pteropodidae,Dobsonia,inermis,Dobsonia inermis,Male,150,3,Bhatnagar_et_al_1989,NA,NA,NA,NA,NA,NA,NA,NA,NA,107.4,NA,4,Bergmans_1975
Santino,Chiroptera,Pteropodidae,Dobsonia,inermis,Dobsonia inermis,Female,NA,NA,NA,NA,NA,NA,NA,NA,NA,AN,NA,NA,105.7,NA,3,Bergmans_1975
Santino,Chiroptera,Pteropodidae,Dobsonia,magna,Dobsonia magna,Male,352.78,23,Yohanita _et_al_2010,NA,63.42,NA,23,Yohanita _et_al_2010,29.47,NA,23,Yohanita _et_al_2010,146.65,NA,23,Yohanita _et_al_2010
Santino,Chiroptera,Pteropodidae,Dobsonia,magna,Dobsonia magna,Female,344.86,28,Yohanita _et_al_2010,NA,64.44,NA,28,Yohanita _et_al_2010,30.31,NA,28,Yohanita _et_al_2010,147.04,NA,28,Yohanita _et_al_2010
Santino,Chiroptera,Pteropodidae,Dobsonia,minor,Dobsonia minor,Male,63.73,34,Yohanita _et_al_2010,NA,28.91,NA,34,Yohanita _et_al_2010,20.68,NA,34,Yohanita _et_al_2010,77.45,NA,34,Yohanita _et_al_2010
Santino,Chiroptera,Pteropodidae,Dobsonia,minor,Dobsonia minor,Female,74.95,33,Yohanita _et_al_2010,NA,30.96,NA,33,Yohanita _et_al_2010,20.02,NA,33,Yohanita _et_al_2010,82.59,NA,33,Yohanita _et_al_2010
Santino,Chiroptera,Pteropodidae,Dobsonia,moluccensis,Dobsonia moluccensis,Male,465,1,Bhatnagar_et_al_1989,NA,NA,NA,NA,NA,NA,NA,NA,NA,NA,NA,NA,NA
Santino,Chiroptera,Pteropodidae,Dobsonia,pannietensis,Dobsonia pannietensis,Male,NA,NA,NA,NA,NA,NA,NA,NA,NA,NA,NA,NA,118.8,NA,3,Bergmans_1979
Santino,Chiroptera,Pteropodidae,Dobsonia,pannietensis,Dobsonia pannietensis,Female,NA,NA,NA,NA,NA,NA,NA,NA,NA,NA,NA,NA,117.8,NA,5,Bergmans_1979
Santino,Chiroptera,Pteropodidae,Dobsonia,peronii,Dobsonia peronii,NA,NA,NA,NA,NA,NA,NA,NA,NA,NA,NA,NA,NA,NA,NA,NA,NA
Santino,Chiroptera,Pteropodidae,Dobsonia,praedatrix,Dobsonia praedatrix,Male,198,2,Bhatnagar_et_al_1989,NA,26.25,NA,2,Bhatnagar_et_al_1989,25,NA,2,Bhatnagar_et_al_1989,113.5,NA,2,Bhatnagar_et_al_1989
Santino,Chiroptera,Pteropodidae,Dobsonia,praedatrix,Dobsonia praedatrix,Female,169.6,5,Bhatnagar_et_al_1989,NA,24.9,NA,5,Bhatnagar_et_al_1989,24.5,NA,5,Bhatnagar_et_al_1989,111.1,NA,5,Bhatnagar_et_al_1989
Santino,Chiroptera,Pteropodidae,Dobsonia,viridis,Dobsonia viridis,NA,NA,NA,NA,NA,NA,NA,NA,NA,NA,NA,NA,NA,NA,NA,NA,NA
Santino,Chiroptera,Pteropodidae,Dyacopterus,brooksi,Dyacopterus brooksi,NA,88.5,2,"Helgen_et_al_2007
",NA,29.3,NA,3,"Helgen_et_al_2007
",20.3,NA,3,"Helgen_et_al_2007
",81.8,NA,3,"Helgen_et_al_2007
"
Santino,Chiroptera,Pteropodidae,Dyacopterus,spadiceus,Dyacopterus spadiceus,NA,84.2,9,"Helgen_et_al_2007
",NA,29,NA,15,"Helgen_et_al_2007
",19.4,NA,12,"Helgen_et_al_2007
",78.3,NA,21,"Helgen_et_al_2007
"
Santino,Chiroptera,Pteropodidae,Eidolon,dupreanum,Eidolon dupreanum,Male,320.1,,Brook et al 2020,,62.11,,,Brook et al 2020,28.9,,,Brook et al 2020,129.1,,,Brook et al 202
Santino,Chiroptera,Pteropodidae,Eidolon,dupreanum,Eidolon dupreanum,Female,308.8,,Brook et al 2020,,61.47,,,Brook et al 2020,28.24,,,Brook et al 2020,129.3,,,Brook et al 202
Santino,Chiroptera,Pteropodidae,Eidolon,helvum,Eidolon helvum,NA,270.7,1407,Peel et al 2017,,NA,NA,NA,NA,NA,NA,NA,NA,120.8,NA,1372,Peel et al 2017
Santino,Chiroptera,Pteropodidae,Eonycteris,major,Eonycteris major,NA,NA,NA,NA,NA,NA,NA,NA,NA,NA,NA,NA,NA,NA,NA,NA,NA
Santino,Chiroptera,Pteropodidae,Eonycteris,robusta,Eonycteris robusta,NA,NA,NA,NA,NA,NA,NA,NA,NA,21,NA,3,Heanay&Rabor_1982,71.3,NA,NA,Heanay&Rabor_1982
Cara,Chiroptera,Pteropodidae,Eonycteris,spelaea,Eonycteris spelaea,both,58.7,,,60,38,SD: 2.44,3,Nameer et al 2016,19.3,SD: .32,3,Nameer et al 2016,75,SD: 2.41,3,Nameer et al 2016
Cara,Chiroptera,Pteropodidae,Epomophorus,angolensis,Epomophorus angolensis,M,NA,,,NA,,,,,,,,,88.42,,,Bergmans 1988
Cara,Chiroptera,Pteropodidae,Epomophorus,angolensis,Epomophorus angolensis,F,,,,,,,,,,,,,83.34,,,Bergmans 1988
Cara,Chiroptera,Pteropodidae,Epomophorus,crypturus,Epomophorus crypturus,both,95.04,,,NA,,,,,,,,,84.65,SD: 1.51,6,Bergmans and van Strien 2004
Cara,Chiroptera,Pteropodidae,Epomophorus,crypturus,Epomophorus crypturus,both,,,,,,,,,23.5,range: 19-28,,Patterson and Webala 2012,81.7,range: 75-88.4,,Patterson and Webala 2012
Cara,Chiroptera,Pteropodidae,Epomophorus,gambianus,Epomophorus gambianus,M,134.59,,,NA,37,,,,,,,,90,,,Boulay and Robbins 1989
Cara,Chiroptera,Pteropodidae,Epomophorus,gambianus,Epomophorus gambianus,F,134.59,,,,34.5,,,,,,,,84.9,,,Boulay and Robbins 1989
Cara,Chiroptera,Pteropodidae,Epomophorus,gambianus,Epomophorus gambianus,both,134.59,,,,37.1,range: 30-42,35,Happold and Happold 1978,22.5,range: 19-28,35,Happold and Happold 1978,85.4,range: 75-97,35,Happold and Happold 1978
Cara,Chiroptera,Pteropodidae,Epomophorus,grandis,Epomophorus grandis,M,49.42,,,NA,28,,,Bergmans 1988,17.4,,Bergmans 1988,,62.55,,,Boulay and Robbins 1989
Cara,Chiroptera,Pteropodidae,Epomophorus,grandis,Epomophorus grandis,F,49.42,,,,28.2,,,Bergmans 1988,16,,Bergmans 1988,,65.8,,,Boulay and Robbins 1989
Cara,Chiroptera,Pteropodidae,Epomophorus,labiatus,Epomophorus labiatus,M,69.65,,,NA,,,,,,,,,67.49090909,range: 66.7-80.3,145,Bergmans 1988
Cara,Chiroptera,Pteropodidae,Epomophorus,labiatus,Epomophorus labiatus,F,69.65,,,,,,,,,,,,70.4875,range: 64.8-78.3,108,Bergmans 1988
Cara,Chiroptera,Pteropodidae,Epomophorus,labiatus,Epomophorus labiatus,both,69.65,,,,,,,,19,range: 17-21,Patterson and Webala 2012,,,,,
Tim,Chiroptera,Pteropodidae,Epomophorus,minimus,Epomophorus minimus,F,37,2,Benda et al 2019,NA,,,,,17.5,range: 16-19,2,Benda et al 2019,62.5,range: 60-65,2,Benda et al 2019
Tim,Chiroptera,Pteropodidae,Epomophorus,minor,Epomophorus minor,M,44.76,,,NA,,,,,,,,,61.71666667,range: 57-66.4,36,Bergmans 1988
Tim,Chiroptera,Pteropodidae,Epomophorus,minor,Epomophorus minor,F,44.76,,,NA,,,,,,,,,60.79444444,range: 58.3-64.2,18,Bergmans 1988
Tim,Chiroptera,Pteropodidae,Epomophorus,wahlbergi,Epomophorus wahlbergi,M,116.7,3,Rollinson_etal_2013,NA,,,,,22.3,NA,1,Bergmans 1978,83,SD: 0.0,3,Rollinson_etal_2013
Tim,Chiroptera,Pteropodidae,Epomophorus,wahlbergi,Epomophorus wahlbergi,F,92.6,5,Rollinson_etal_2013,NA,34.3,range: 34.1-34.5,2,Bergmans 1978,22.9,range: 22.8-23.1,4,Bergmans 1978,80.3,SD: 4.0,5,Rollinson_etal_2013
Tim,Chiroptera,Pteropodidae,Epomophorus,wahlbergi,Epomophorus wahlbergi,M,100.2,6,Rollinson_etal_2013,NA,,,,,,,,,79.8,SD: 2.1,6,Rollinson_etal_2013
Tim,Chiroptera,Pteropodidae,Epomophorus,wahlbergi,Epomophorus wahlbergi,F,92.8,4,Rollinson_etal_2013,NA,,,,,,,,,79.6,SD: 3.3,4,Rollinson_etal_2013
Tim,Chiroptera,Pteropodidae,Epomops,buettikoferi,Epomops buettikoferi,,135.67,,,NA,,,,,,,,,,,,
Tim,Chiroptera,Pteropodidae,Epomops,buettikoferi,Epomops buettikoferi,M,170,3,Bergmans 1975,NA,,,,,,,,,97.6,range: 92.9-102.2,51,Bergmans 1975
Tim,Chiroptera,Pteropodidae,Epomops,buettikoferi,Epomops buettikoferi,F,,,Bergmans 1975,NA,,,,,,,,,91.55,range: 84.4-96.2,49,Bergmans 1975
Tim,Chiroptera,Pteropodidae,Epomops,buettikoferi,Epomops buettikoferi,both,,,,NA,35.25,range: 27.6-42.9,18,Denys et al 2013,23.5,range: 19-28,18,Denys et al 2013,89.25,range: 79.9-98.6,18,Denys et al 2013
Tim,Chiroptera,Pteropodidae,Epomops,dobsonii,Epomops dobsonii,,122.08,,,NA,,,,,,,,,87.75,85-90.5,,Bergmans 1979 (via Bergmans 1983)
Cara,Chiroptera,Pteropodidae,Epomops,franqueti,Epomops franqueti,both,118.99,,,NA,34.2,range: 32-37,21,Happold and Happold 1978,21.6,range: 19-25,21,Happold and Happold 1978,85.8,range: 82-91,21,Happold and Happold 1978
Tim,Chiroptera,Pteropodidae,Haplonycteris,fischeri,Haplonycteris fischeri,,18.25,,,120,,,,,12.35,range: 12.2-12.5,2,Sedlock et al 2014,47.2,range: 46.4-48,2,Sedlock et al 2014
Tim,Chiroptera,Pteropodidae,Harpyionycteris,celebensis,Harpyionycteris celebensis,F,116.77,,,NA,30,,1,Tate 1951,,,,,90,,1,Tate 1951
Tim,Chiroptera,Pteropodidae,Harpyionycteris,whiteheadi,Harpyionycteris whiteheadi,,135.48,,,NA,,,,,17,,1,Thomas 1896,84,,1,Thomas 1896
Tim,Chiroptera,Pteropodidae,Latidens,salimalii,Latidens salimalii,M,77.5,16,Agoramoorthy & Hsu 2005,NA,,,,,,,,,69.38,1.54,16,Agoramoorthy & Hsu 2005
Tim,Chiroptera,Pteropodidae,Latidens,salimalii,Latidens salimalii,F,69.58,19,Agoramoorthy & Hsu 2005,NA,,,,,,,,,68.95,2.2,19,Agoramoorthy & Hsu 2005
Tim,Chiroptera,Pteropodidae,Hypsignathus,monstrosus,Hypsignathus monstrosus,,336.97,,,NA,,,,,,,,,,,,
Tim,Chiroptera,Pteropodidae,Hypsignathus,monstrosus,Hypsignathus monstrosus,M,339,,Langevin & Barclay 1990,NA,57,range: 54.0-60.0,,Langevin & Barclay 1990,32,,,Langevin & Barclay 1990,130,range: 120-140,,Langevin & Barclay 1990
Tim,Chiroptera,Pteropodidae,Hypsignathus,monstrosus,Hypsignathus monstrosus,F,297.5,,Langevin & Barclay 1990,NA,53.5,range: 52.0-55.0,,Langevin & Barclay 1990,27,,,Langevin & Barclay 1990,123,range: 118-128,,Langevin & Barclay 1990
Tim,Chiroptera,Pteropodidae,Megaerops,kusnotoi,Megaerops kusnotoi,both,NA,,,NA,20.63,SD: 1.4,11,Maharadatunkamsi & Maryanto 2002,13.05,1.56,11,Maharadatunkamsi & Maryanto 2002,51.51,SD: 2.32,11,Maharadatunkamsi & Maryanto 2002
Tim,Chiroptera,Pteropodidae,Megaerops,niphanae,Megaerops niphanae,M,32.59,,,NA,23.9,,1,Islam et al 2015,16,,1,Islam et al 2015,58.3,,1,Islam et al 2015
Tim,Chiroptera,Pteropodidae,Megaerops,wetmorei,Megaerops wetmorei,,18.7,,,NA,18.61,SD: 0.94,10,Maharadatunkamsi & Maryanto 2002,10.71,SD: 1.18,10,Maharadatunkamsi & Maryanto 2002,47.58,SD: 1.77,10,Maharadatunkamsi & Maryanto 2002
Tim,Chiroptera,Pteropodidae,Megaloglossus,woermanni,Megaloglossus woermanni,both,16.71,,,NA,17.7,range: 16-19,13,Happold and Happold 1978,13.7,range: 13-14,11,Happold and Happold 1978,87.78666667,range: 38.6-49.4,180,Bergmans 1997
Tim,Chiroptera,Pteropodidae,Lissonycteris,angolensis,Lissonycteris angolensis,both,68.31,,,NA,32.6,range: 29-37,21,Happold and Happold 1978,17.9,range: 15-22,21,Happold and Happold 1978,73.5,range: 66-81,21,Happold and Happold 1978
Tim,Chiroptera,Pteropodidae,Macroglossus,minimus,Macroglossus minimus,,16.3,,,NA,17.68,range: 16.4-18.4,5,Kinjo et al 2003,13.96666667,range: 14-14.4,6,Kinjo et al 2003,43.41538462,range: 41.9-45.6,13,Kinjo et al 2003
Tim,Chiroptera,Pteropodidae,Macroglossus,sobrinus,Macroglossus sobrinus,,21.8,,,NA,18.99,SD: 0.57,6,Qing et al 2007,14.24,SD: 0.63,6,Qing et al 2007,48.84,SD: 1.47,6,Qing et al 2007
Tim,Chiroptera,Pteropodidae,Megaerops,ecaudatus,Megaerops ecaudatus,,26.29,,,NA,20.8,range: 20.6-21,4,Kumaran et al 2006,14.7,range: 12.9-16.1,4,Kumaran et al 2006,52.7,range: 51.9-53.4,4,Kumaran et al 2006
Tim,Chiroptera,Pteropodidae,Melonycteris,fardoulisi,Melonycteris fardoulisi,M,NA,,,NA,,,,,,,,,61.2,SD: 3.35,3,Flannery 1993
Tim,Chiroptera,Pteropodidae,Melonycteris,fardoulisi,Melonycteris fardoulisi,F,NA,,,NA,,,,,,,,,57.8,SD: 1.11,5,Flannery 1993
Tim,Chiroptera,Pteropodidae,Melonycteris,fardoulisi,Melonycteris fardoulisi,M,NA,,,NA,,,,,,,,,60.7,SD: 0.07,2,Flannery 1993
Tim,Chiroptera,Pteropodidae,Melonycteris,fardoulisi,Melonycteris fardoulisi,F,NA,,,NA,,,,,,,,,57.4,SD: 0.45,3,Flannery 1993
Tim,Chiroptera,Pteropodidae,Melonycteris,fardoulisi,Melonycteris fardoulisi,M,NA,,,NA,,,,,,,,,55.1,SD: 1.43,6,Flannery 1993
Tim,Chiroptera,Pteropodidae,Melonycteris,fardoulisi,Melonycteris fardoulisi,F,NA,,,NA,,,,,,,,,53.5,SD: 1.42,4,Flannery 1993
Tim,Chiroptera,Pteropodidae,Melonycteris,fardoulisi,Melonycteris fardoulisi,M,NA,,,NA,,,,,,,,,56.9,SD: 1.60,6,Flannery 1993
Tim,Chiroptera,Pteropodidae,Melonycteris,fardoulisi,Melonycteris fardoulisi,F,NA,,,NA,,,,,,,,,55.6,SD: 2.51,3,Flannery 1993
Tim,Chiroptera,Pteropodidae,Melonycteris,melanops,Melonycteris melanops,M,47.59,,,NA,,,,,,,,,61.34,range: 54.7-63.6,5,Flannery 1993
Tim,Chiroptera,Pteropodidae,Melonycteris,melanops,Melonycteris melanops,F,47.59,,,NA,,,,,,,,,61.32,range: 59-63,5,Flannery 1993
Tim,Chiroptera,Pteropodidae,Melonycteris,woodfordi,Melonycteris woodfordi,,36.2,,,NA,,,,,,,,,54.2,SD: 2.11,29,Flannery 1993
Tim,Chiroptera,Pteropodidae,Melonycteris,woodfordi,Melonycteris woodfordi,,36.2,,,NA,,,,,,,,,55.2,SD: 2.46,14,Flannery 1993
Tim,Chiroptera,Pteropodidae,Melonycteris,woodfordi,Melonycteris woodfordi,,36.2,,,NA,,,,,,,,,59.2,SD: 1.48,4,Flannery 1993
Tim,Chiroptera,Pteropodidae,Melonycteris,woodfordi,Melonycteris woodfordi,,36.2,,,NA,,,,,12.7,range: 11.5-14,5,Phillips 1966,59.6,SD: 1.27,10,Flannery 1993
Tim,Chiroptera,Pteropodidae,Micropteropus,intermedius,Micropteropus intermedius,M,NA,,,NA,23.7,NA,1,Bergmans 1989,14.8,NA,1,Bergmans 1989,58.1,NA,1,Bergmans 1989
Tim,Chiroptera,Pteropodidae,Micropteropus,intermedius,Micropteropus intermedius,F,NA,,,NA,26,NA,1,Bergmans 1989,17.4,NA,1,Bergmans 1989,63.6,NA,1,Bergmans 1989
Tim,Chiroptera,Pteropodidae,Micropteropus,intermedius,Micropteropus intermedius,F,NA,,,NA,25,NA,1,Kock 1987 (as reported in Bergmans 1989),14.3,NA,1,Kock 1987 (as reported in Bergmans 1989),58.3,NA,1,Kock 1987 (as reported in Bergmans 1989)
Cara,Chiroptera,Pteropodidae,Micropteropus,pusillus,Micropteropus pusillus,both,25.38,,,NA,21.9,range: 20-24,29,Happold and Happold 1978,14.7,range: 13-16,29,Happold and Happold 1978,52.6,range: 49-65,29,Happold and Happold 1978
Tim,Chiroptera,Pteropodidae,Myonycteris,brachycephala,Myonycteris brachycephala,,NA,,,NA,23.498,NA,1,Bergmans 1997,,,,,63.85,NA,1,Bergmans 1976
Anecia,Chiroptera,Pteropodidae,Myonycteris,relicta,Myonycteris relicta,M,53.32,,,NA,26.7,NA,1,"Bergmans, 1980",22,NA,1,"Bergmans, 1980",69.3,NA,1,"Bergmans, 1980"
Anecia,Chiroptera,Pteropodidae,Myonycteris,relicta,Myonycteris relicta,F,53.32,,,NA,29.3,NA,1,"Bergmans, 1980",20,NA,1,"Bergmans, 1980",75.1,NA,1,"Bergmans, 1980"
Anecia,Chiroptera,Pteropodidae,Myonycteris,torquata,Myonycteris torquata,M,44.92,,,NA,22.7,NA,3,"Bergmans, 1976",16.3,NA,4,"Bergmans, 1976",60.2,NA,15,"Bergmans, 1976"
Anecia,Chiroptera,Pteropodidae,Myonycteris,torquata,Myonycteris torquata,F,44.92,,,NA,NA,NA,NA,"Bergmans, 1976",18.3,NA,8,"Bergmans, 1976",60.7,NA,38,"Bergmans, 1976"
Anecia,Chiroptera,Pteropodidae,Nanonycteris,veldkampii,Nanonycteris veldkampii,M,21.89,,,NA,67.3,NA,8,"Kangoye et al., 2015",16.3,NA,8,"Kangoye et al., 2015",46.7,NA,42,"Kangoye et al., 2012"
Anecia,Chiroptera,Pteropodidae,Nanonycteris,veldkampii,Nanonycteris veldkampii,F,21.89,,,NA,72,NA,2,"Kangoye et al., 2015",16.6,NA,2,"Kangoye et al., 2015",52.65,NA,2,"Kangoye et al., 2012"
Anecia,Chiroptera,Pteropodidae,Neopteryx,frosti,Neopteryx frosti,F,230,NA,Ransaleleh et al 2020,NA,45,NA,1,"Bergmans & Rozendaal, 1988",19.3,NA,2,"Bergmans & Rozendaal, 1988",110,NA,NA,Ransaleleh et al 2020
Anecia,Chiroptera,Pteropodidae,Neopteryx,frosti,Neopteryx frosti,M,230,NA,Ransaleleh et al 2020,NA,40.7,NA,2,"Bergmans & Rozendaal, 1988",18.6,NA,2,"Bergmans & Rozendaal, 1988",100.5,NA,2,"Bergmans & Rozendaal, 1988"
Anecia,Chiroptera,Pteropodidae,Notopteris,macdonaldi,Notopteris macdonaldi,M,68.17,,,NA,35,NA,NA,"Trouessart, 1908",14,NA,NA,"Trouessart, 1908",67.1,NA,76,"Scanlon, Petit,& Bottroff, 2012"
Anecia,Chiroptera,Pteropodidae,Notopteris,macdonaldi,Notopteris macdonaldi,F,68.17,,,NA,35,NA,NA,"Trouessart, 1908",14,NA,NA,"Trouessart, 1908",64.9,NA,48,"Scanlon, Petit,& Bottroff, 2012"
Anecia,Chiroptera,Pteropodidae,Notopteris,neocaledonica,Notopteris neocaledonica,,NA,,,NA,29,NA,NA,"Trouessart, 1908",13,NA,NA,"Trouessart, 1908",57,NA,NA,"Trouessart, 1908"
Anecia,Chiroptera,Pteropodidae,Nyctimene,aello,Nyctimene aello,,85.26,,,NA,,,,,,,,,,,,
Anecia,Chiroptera,Pteropodidae,Nyctimene,albiventer,Nyctimene albiventer,,29.95,,,NA,21.6875,NA,16,Pattiselanno 2003,12.7,NA,6,"Kitchener, Packer, & Maryanto, 1993",51.2,NA,6,"Kitchener, Packer, & Maryanto, 1993"
Anecia,Chiroptera,Pteropodidae,Nyctimene,cephalotes,Nyctimene cephalotes,,57.71-58.75,NA,Ransaleleh et al 2020,NA,,,,,14.22-14.5,NA,NA,Ransaleleh et al 2020,65.55-66.5,NA,NA,Ransaleleh et al 2020
Anecia,Chiroptera,Pteropodidae,Nyctimene,certans,Nyctimene certans,,43.24,,,NA,23.52,NA,33,"Irwin, 2017",11.58,NA,30,"Irwin, 2017",60.4,NA,35,"Irwin, 2017"
Anecia,Chiroptera,Pteropodidae,Nyctimene,cyclotis,Nyctimene cyclotis,,48.83,,,NA,22.14,NA,2,"Irwin, 2017",13.59,NA,2,"Irwin, 2017",55.09,NA,2,"Irwin, 2017"
Anecia,Chiroptera,Pteropodidae,Nyctimene,draconilla,Nyctimene draconilla,,30.15,,,NA,21.28571429,NA,14,Pattiselanno 2003,12.71428571,NA,14,Pattiselanno 2003,54.07142857,NA,14,Pattiselanno 2003
Anecia,Chiroptera,Pteropodidae,Nyctimene,keasti,Nyctimene keasti,,NA,,,NA,,,,,14.86666667,NA,28,"Kitchener, Packer, & Maryanto, 1993",58.85,NA,28,"Kitchener, Packer, & Maryanto, 1993"
Anecia,Chiroptera,Pteropodidae,Nyctimene,major,Nyctimene major,4 M; 1 F,107.06,,,NA,,,,,17.2,NA,5,Curnow et al. 1968,73.48,NA,5,Curnow et al. 1968
Anecia,Chiroptera,Pteropodidae,Nyctimene,malaitensis,Nyctimene malaitensis,F,78.39,,,NA,,,,,14,NA,1,Curnow et al. 1968,65,NA,1,Curnow et al. 1968
Anecia,Chiroptera,Pteropodidae,Nyctimene,masalai,Nyctimene masalai,,53.2,,,NA,,,,,,,,,,,,
Anecia,Chiroptera,Pteropodidae,Nyctimene,minutus,Nyctimene minutus,,NA,,,NA,,,,,,,,,,,,
Anecia,Chiroptera,Pteropodidae,Nyctimene,rabori,Nyctimene rabori,M,68.25,,,NA,,,,,19.5,0.5,13,"Heaney & Peterson, 1984",75.5,1.7,13,"Heaney & Peterson, 1984"
Anecia,Chiroptera,Pteropodidae,Nyctimene,rabori,Nyctimene rabori,F,68.25,,,NA,,,,,20,0.7,9,"Heaney & Peterson, 1984",76.7,2.8,9,"Heaney & Peterson, 1984"
Anecia,Chiroptera,Pteropodidae,Nyctimene,robinsoni,Nyctimene robinsoni,,48.83,,,NA,24-24.5,NA,NA,Loveless & McBee,18,NA,NA,"Loveless & McBee, 2017",60-70,NA,NA,"Loveless& McBee, 2017"
Anecia,Chiroptera,Pteropodidae,Nyctimene,sanctacrucis,Nyctimene sanctacrucis,,NA,,,NA,,,,,,,,,75,NA,NA,"Lavery et al., 2020"
Anecia,Chiroptera,Pteropodidae,Nyctimene,vizcaccia,Nyctimene vizcaccia,,41.96,,,NA,,,,,,,,,,,,
Anecia,Chiroptera,Pteropodidae,Otopteropus,cartilagonodus,Otopteropus cartilagonodus,,16.92,,,NA,,,,,,,,,,,,
Anecia,Chiroptera,Pteropodidae,Paranyctimene,raptor,Paranyctimene raptor,M,24.94,,,NA,18.6,NA,1,"Bergmans, 2001",11,NA,1,"Bergmans, 2001",53.4,NA,1,"Bergmans, 2001"
Anecia,Chiroptera,Pteropodidae,Paranyctimene,raptor,Paranyctimene raptor,F,24.94,,,NA,19,NA,2,"Bergmans, 2001",12.15,NA,2,"Bergmans, 2001",48.75,NA,2,"Bergmans, 2001"
Anecia,Chiroptera,Pteropodidae,Paranyctimene,tenax,Paranyctimene tenax,M,25.5,1,"Bergmans, 2001",NA,19.9,NA,6,"Bergmans, 2001",12.2,NA,6,"Bergmans, 2001",52.9,NA,6,"Bergmans, 2001"
Anecia,Chiroptera,Pteropodidae,Paranyctimene,tenax,Paranyctimene tenax,F,NA,,,NA,22.6,NA,2,"Bergmans, 2001",11.35,NA,2,"Bergmans, 2001",54.15,NA,2,"Bergmans, 2001"
Anecia,Chiroptera,Pteropodidae,Penthetor,lucasi,Penthetor lucasi,M,35.39,,,NA,29,NA,32,"Rahman & Abdullah, 2010",14.72,NA,32,"Rahman & Abdullah, 2010",60.64333333,NA,32,"Rahman & Abdullah, 2010"
Anecia,Chiroptera,Pteropodidae,Penthetor,lucasi,Penthetor lucasi,F,35.39,,,NA,28.55666667,NA,38,"Rahman & Abdullah, 2010",14.75333333,NA,38,"Rahman & Abdullah, 2010",60.72,NA,38,"Rahman & Abdullah, 2010"
Anecia,Chiroptera,Pteropodidae,Pteropus,admiralitatum,Pteropus admiralitatum,M,306.46,,,NA,,,,,,,,,108,NA,1,"Tate, 1934"
Anecia,Chiroptera,Pteropodidae,Pteropus,admiralitatum,Pteropus admiralitatum,F,306.46,,,NA,,,,,,,,,110.5,NA,2,"Tate, 1934"
Anecia,Chiroptera,Pteropodidae,Pteropus,aldabrensis,Pteropus aldabrensis,M,310.29,,,NA,,,,,,,,,137.3,NA,7,Bergmans 1990
Anecia,Chiroptera,Pteropodidae,Pteropus,aldabrensis,Pteropus aldabrensis,F,310.29,,,NA,,,,,32.5,NA,not_specified,Hill et al. 1971,133.75,NA,2,Bergmans 1990
Anecia,Chiroptera,Pteropodidae,Pteropus,alecto,Pteropus alecto,,610.13,,,NA,,,,,32.5,NA,not_specified,Hill et al. 1971,170,NA,1935,"Vardmon & Tidemann, 2000"
Anecia,Chiroptera,Pteropodidae,Pteropus,anetianus,Pteropus anetianus,,397.22,,,NA,,,,,,,,,,,,
Anecia,Chiroptera,Pteropodidae,Pteropus,aruensis,Pteropus aruensis,M,NA,,,NA,,,,,,,,,190,,1,Bergmans 2001
Anecia,Chiroptera,Pteropodidae,Pteropus,banakrisi,Pteropus banakrisi,F,234,6,"Richards & Hall, 2002",NA,66.7,66.8±1.7,5,"Richards & Hall, 2002",28.3,28.2±0.4,6,"Richards & Hall, 2002",135.2,128-141,6,"Richards & Hall, 2002"
Angelo,Chiroptera,Pteropodidae,Pteropus,lylei,Pteropus lylei,Male,490.4,13,Choden et al 2019,NA,,,,,,,,,152.3,,12,Choden et al 2019
Angelo,Chiroptera,Pteropodidae,Pteropus,lylei,Pteropus lylei,Female,430,1,Choden et al 2019,,,,,,,,,,149.4,,1,Choden et al 2019
Angelo,Chiroptera,Pteropodidae,Pteropus,macrotis,Pteropus macrotis,NA,297,NA,Hall et al 2014,NA,,,,,34.5,33-36,NA,Hall et al 2014,133,,,Hall et al 2014
Angelo,Chiroptera,Pteropodidae,Pteropus,mahaganus,Pteropus mahaganus,NA,297.28,NA,,NA,,,,,26.5,,2,Deusen 1969,140,,1,Deusen 1969
Angelo,Chiroptera,Pteropodidae,Pteropus,mariannus,Pteropus mariannus,Male,513.2,8,Perez 1972,NA,,,,,,,,,146.7,,8,Perez 1972
Angelo,Chiroptera,Pteropodidae,Pteropus,mariannus,Pteropus mariannus,Female,412.5,10,Perez 1972,NA,,,,,,,,,141.3,,10,Perez 1972
Angelo,Chiroptera,Pteropodidae,Pteropus,melanopogon,Pteropus melanopogon,Male,764,3 (range=510-900),Tsang 2015,NA,NA,NA,,NA,NA,NA,NA,NA,196.5,188-205,6,Tsang 2015
Angelo,Chiroptera,Pteropodidae,Pteropus,melanotus,Pteropus melanotus,Male,395.6,12,Hall et al 2014,NA,,,,,,,,,,,,
Angelo,Chiroptera,Pteropodidae,Pteropus,molossinus,Pteropus molossinus,NA,122,NA,"Turnbull, 2013",NA,,,,,,,,,,,,
Angelo,Chiroptera,Pteropodidae,Pteropus,neohibernicus,Pteropus neohibernicus,NA,1017.37,NA,NA,NA,,,,,,,,,,,,
Angelo,Chiroptera,Pteropodidae,Pteropus,niger,Pteropus niger,F,474.43,4 (range=380-520),"Cheke & Dahl,1981",NA,NA,NA,NA,NA,NA,NA,NA,NA,152,143-155,4,Cheke & Dahl 1981
Angelo,Chiroptera,Pteropodidae,Pteropus,nitendiensis,Pteropus nitendiensis,NA,275.56,NA,,NA,,,,,,,,,,,,
Angelo,Chiroptera,Pteropodidae,Pteropus,ocularis,Pteropus ocularis,Male,400,1,https://academicworks.cuny.edu/gc_etds/1161/,NA,68.89,,1,https://academicworks.cuny.edu/gc_etds/1161/,26.29,,1,https://academicworks.cuny.edu/gc_etds/1161/,144,,1,https://academicworks.cuny.edu/gc_etds/1161/
Angelo,Chiroptera,Pteropodidae,Pteropus,ornatus,Pteropus ornatus,NA,336.25,,,NA,,,,,,,,,,,,
Angelo,Chiroptera,Pteropodidae,Pteropus,pelewensis,Pteropus pelewensis,Male,268.1,31,Wiles et al 1997,NA,,,,,23.9,,66,Wiles et al 1997,120.5,,66,Wiles et al 1997
Angelo,Chiroptera,Pteropodidae,Pteropus,pelewensis,Pteropus pelewensis,Female,246.2,18,Wiles et al 1997,NA,,,,,23.6,,60,Wiles et al 1997,119.7,,60,Wiles et al 1997
Angelo,Chiroptera,Pteropodidae,Pteropus,personatus,Pteropus personatus,Male,114.88,12,Wiantoro&IbnuMaryanto 2016,NA,42.78,,12,Wiantoro&IbnuMaryanto 2016,21.25,,12,Wiantoro&IbnuMaryanto 2016,91.3,,12,Wiantoro&IbnuMaryanto 2016
Angelo,Chiroptera,Pteropodidae,Pteropus,personatus,Pteropus personatus,Female,141,12,Wiantoro&IbnuMaryanto 2016,NA,45.07,,12,Wiantoro&IbnuMaryanto 2016,24.41,,12,Wiantoro&IbnuMaryanto 2016,94.22,,12,Wiantoro&IbnuMaryanto 2016
Angelo,Chiroptera,Pteropodidae,Pteropus,pilosus,Pteropus pilosus,,NA,,,NA,,,,,,,,,,,,
Angelo,Chiroptera,Pteropodidae,Pteropus,pohlei,Pteropus pohlei,,352.75,,,NA,,,,,,,,,,,,
Angelo,Chiroptera,Pteropodidae,Pteropus,poliocephalus,Pteropus poliocephalus,Not-Specified,702.78,14 (range=615-845),Roberts et al 2012,NA,NA,NA,,NA,NA,NA,NA,NA,164.1428571,156-172,14,Roberts et al 2012
Angelo,Chiroptera,Pteropodidae,Pteropus,pselaphon,Pteropus pselaphon,Male,491.88,17 (SE=34.11; Range=400-616),"Sugita & Ueda,2014",NA,NA,,,,,,,,137.76,"SE=1.68, range132.1-145.1",17,"Sugita & Ueda,2014"
Angelo,Chiroptera,Pteropodidae,Pteropus,pselaphon,Pteropus pselaphon,Female,485.66,6 (SE=75.71; Range=363-580),"Sugita & Ueda,2014",NA,NA,,,,,,,,138.4,"SE=2.28, range135.8-139.8",6,"Sugita & Ueda,2014"
Angelo,Chiroptera,Pteropodidae,Pteropus,pumilus,Pteropus pumilus,NA,184.05,5 (mean=194),Riskin et al 2008,NA,,,,,,,,,,94-113,,http://fm2.fieldmuseum.org/animalguides/guide_pdfs/049-02.pdf
Angelo,Chiroptera,Pteropodidae,Pteropus,rayneri,Pteropus rayneri,,661.28,,,NA,,,,,,,,,,,,
Angelo,Chiroptera,Pteropodidae,Pteropus,rennelli,Pteropus rennelli,,NA,,,NA,,,,,,,,,,,,
Angelo,Chiroptera,Pteropodidae,Pteropus,rodricensis,Pteropus rodricensis,NA,256.17,18,"Gardner et al 2007, Hayes et al1996 (rang=275–498)",360,,,,,,,,,,,,
Angelo,Chiroptera,Pteropodidae,Pteropus,rufus,Pteropus rufus,Male,669.3,131,Brook et al 2020,NA,80.93,NA,131,Brook et al 202,28.89,,131,Brook et al 2020,167.3,,131,Brook et al 2020
Angelo,Chiroptera,Pteropodidae,Pteropus,rufus,Pteropus rufus,Female,557.9,121,Brook et al 2020,NA,78.46,NA,121,Brook et al 202,29.11,,121,Brook et al 2020,161.9,,121,Brook et al 2020
Angelo,Chiroptera,Pteropodidae,Pteropus,samoensis,Pteropus samoensis,Both,309.99,"5+7(Rang=260-440, mean=375)","Banack & Grant,2003, Richmond et al, 1998",NA,NA,NA,NA,NA,NA,NA,NA,NA,148,138-155,5,"Banack & Grant,2003"
Angelo,Chiroptera,Pteropodidae,Pteropus,scapulatus,Pteropus scapulatus,,380.35,,,NA,,,,,,,,,,,,
Angelo,Chiroptera,Pteropodidae,Pteropus,seychellensis,Pteropus seychellensis,,492.2,,,NA,,,,,,,,,,,,
Angelo,Chiroptera,Pteropodidae,Pteropus,speciosus,Pteropus speciosus,Not-Specified,NA,NA,NA,NA,,,,,,,,,,118-133,,http://fm2.fieldmuseum.org/animalguides/guide_pdfs/049-02.pdf
Angelo,Chiroptera,Pteropodidae,Pteropus,subniger,Pteropus subniger,,NA,,,NA,,,,,,,,,,,,
Angelo,Chiroptera,Pteropodidae,Pteropus,temminckii,Pteropus temminckii,Not-specified,250,Turnbull 2013,,NA,,,,,,,,,,,,
Angelo,Chiroptera,Pteropodidae,Pteropus,tokudae,Pteropus tokudae,,153.7,,,NA,,,,,,,,,,,,
Angelo,Chiroptera,Pteropodidae,Pteropus,tonganus,Pteropus tonganus,Not-specified,561.51,NA,NA,NA,68.1,54-76,NA,"Miller et al, 1997",29.1,20-31,NA,"Miller et al, 1997",151.4,114-175.4,NA,"Miller et al, 1997"
Angelo,Chiroptera,Pteropodidae,Pteropus,tuberculatus,Pteropus tuberculatus,,NA,,,NA,,,,,,,,,,,,
Sarah,Chiroptera,Pteropodidae,Pteropus,ualanus,Pteropus ualanus,M,NA,,,NA,NA,NA,NA,NA,23.4,NA,1,"Bulletin of the Museum of Comparative Zoology at Harvard College, Volume 52. https://books.google.com/books?id=sdvwAAAAMAAJ&pg=PA29&lpg=PA29&dq=%22Pteropus+ualanus%22+and+forearm+length&source=bl&ots=MXT82uGF0J&sig=ACfU3U1Y01ST9RLrlLNe1HMsS-MWmbtBTQ&hl=en&sa=X&ved=2ahUKEwjmvPnLy-_tAhUJs54KHWhhDdYQ6AEwBnoECAgQAg#v=onepage&q=%22Pteropus%20ualanus%22%20and%20forearm%20length&f=false",130,NA,1,"Bulletin of the Museum of Comparative Zoology at Harvard College, Volume 52. https://books.google.com/books?id=sdvwAAAAMAAJ&pg=PA29&lpg=PA29&dq=%22Pteropus+ualanus%22+and+forearm+length&source=bl&ots=MXT82uGF0J&sig=ACfU3U1Y01ST9RLrlLNe1HMsS-MWmbtBTQ&hl=en&sa=X&ved=2ahUKEwjmvPnLy-_tAhUJs54KHWhhDdYQ6AEwBnoECAgQAg#v=onepage&q=%22Pteropus%20ualanus%22%20and%20forearm%20length&f=false"
Sarah,Chiroptera,Pteropodidae,Pteropus,ualanus,Pteropus ualanus,M,NA,,,NA,NA,NA,NA,NA,24,NA,1,"Bulletin of the Museum of Comparative Zoology at Harvard College, Volume 52. https://books.google.com/books?id=sdvwAAAAMAAJ&pg=PA29&lpg=PA29&dq=%22Pteropus+ualanus%22+and+forearm+length&source=bl&ots=MXT82uGF0J&sig=ACfU3U1Y01ST9RLrlLNe1HMsS-MWmbtBTQ&hl=en&sa=X&ved=2ahUKEwjmvPnLy-_tAhUJs54KHWhhDdYQ6AEwBnoECAgQAg#v=onepage&q=%22Pteropus%20ualanus%22%20and%20forearm%20length&f=false",126,NA,1,"Bulletin of the Museum of Comparative Zoology at Harvard College, Volume 52. https://books.google.com/books?id=sdvwAAAAMAAJ&pg=PA29&lpg=PA29&dq=%22Pteropus+ualanus%22+and+forearm+length&source=bl&ots=MXT82uGF0J&sig=ACfU3U1Y01ST9RLrlLNe1HMsS-MWmbtBTQ&hl=en&sa=X&ved=2ahUKEwjmvPnLy-_tAhUJs54KHWhhDdYQ6AEwBnoECAgQAg#v=onepage&q=%22Pteropus%20ualanus%22%20and%20forearm%20length&f=false"
Sarah,Chiroptera,Pteropodidae,Pteropus,vampyrus,Pteropus vampyrus,M,1027.54,,,NA,103.556667,NA,3,Tsang 2015,39.9366667,NA,3,Tsang 2015,238.666667,NA,3,Tsang 2015
Sarah,Chiroptera,Pteropodidae,Pteropus,vampyrus,Pteropus vampyrus,F,1027.54,,,NA,92.575,NA,2,Tsang 2015,28.5566667,NA,2,Tsang 2015,190,NA,2,Tsang 2015
Sarah,Chiroptera,Pteropodidae,Pteropus,vetulus,Pteropus vetulus,not_specified,151.54,,,NA,NA,NA,NA,NA,NA,NA,NA,NA,106,NA,14,Bergmans 2001
Sarah,Chiroptera,Pteropodidae,Pteropus,voeltzkowi,Pteropus voeltzkowi,M,542.4,,,NA,NA,NA,NA,NA,26.6666667,NA,3,Bergmans 1990,156.05,NA,6,Bergmans 1990
Sarah,Chiroptera,Pteropodidae,Pteropus,voeltzkowi,Pteropus voeltzkowi,F,542.4,,,NA,NA,NA,NA,NA,27,NA,3,Bergmans 1990,152,NA,5,Bergmans 1990
Sarah,Chiroptera,Pteropodidae,Pteropus,woodfordi,Pteropus woodfordi,M,122.67,,,NA,NA,NA,NA,NA,NA,NA,NA,NA,93.2,92.7-99,1,"Bergmans 2001, Sanborn 1947"
Sarah,Chiroptera,Pteropodidae,Pteropus,yapensis,Pteropus yapensis,not_specified,NA,,,NA,NA,NA,NA,NA,NA,NA,NA,NA,130,,not_specified,Mammals of the South-West Pacific & Moluccan Islands. https://books.google.com/books?id=B5i-02zAb7cC&pg=PA184&lpg=PA184&dq=%22Pteropus+ualanus%22+and+forearm+length&source=bl&ots=23vmgTOaaL&sig=ACfU3U1NocLgBCqtwSyxaiP-kiTcvkW0yg&hl=en&sa=X&ved=2ahUKEwjmvPnLy-_tAhUJs54KHWhhDdYQ6AEwBXoECAcQAg#v=onepage&q=%22Pteropus%20ualanus%22%20and%20forearm%20length&f=false
Sarah,Chiroptera,Pteropodidae,Rousettus,bidens,Rousettus bidens,M,NA,,,NA,50,NA,1,Jentinks 1879,23,NA,1,Jentinks 1879,97.9,NA,5,Bergmans and Rozendaal 1988
Sarah,Chiroptera,Pteropodidae,Rousettus,bidens,Rousettus bidens,F,NA,,,NA,NA,NA,NA,NA,NA,NA,NA,NA,99.4,NA,6,Bergmans and Rozendaal 1988
Sarah,Chiroptera,Pteropodidae,Rousettus,celebensis,Rousettus celebensis,"9 M, 11 F",63.07,,,NA,34.3,2.4,20,Wiantoro et al. 2016,17.6,1.2,20,Wiantoro et al. 2016,74.8,4.6,20,Wiantoro et al. 2016
Sarah,Chiroptera,Pteropodidae,Rousettus,lanosus,Rousettus lanosus,F,104.78,,,NA,NA,NA,NA,NA,23,NA,2,Thorn and Peterhans 2009,88.5,NA,2,Thorn and Peterhans 2009
Sarah,Chiroptera,Pteropodidae,Rousettus,leschenaultii,Rousettus leschenaultii,M,84.88,,,NA,38.9,4.448,9,Shahbaz et al. 2020,19.77,2.991,9,Shahbaz et al. 2020,79.14,5.767,9,Shahbaz et al. 2020
Sarah,Chiroptera,Pteropodidae,Rousettus,leschenaultii,Rousettus leschenaultii,F,84.88,,,NA,35.08,4.779,6,Shahbaz et al. 2020,16,3.098,6,Shahbaz et al. 2020,75.33,7.062,6,Shahbaz et al. 2020
Sarah,Chiroptera,Pteropodidae,Rousettus,linduensis,Rousettus linduensis,not_specified,NA,,,NA,36.8,NA,4,Maryanto 2003,18.55,NA,4,Maryanto 2003,76.73,NA,4,Maryanto 2003
Sarah,Chiroptera,Pteropodidae,Rousettus,madagascariensis,Rousettus madagascariensis,65.72,NA,,,,,,,,,,,,,,,
Sarah,Chiroptera,Pteropodidae,Rousettus,obliviosus,Rousettus obliviosus,,45.32,,,NA,NA,NA,NA,NA,13.5,NA,74,Reason et al. 1994,74.1,NA,74,Reason et al. 1994: https://www.semanticscholar.org/paper/Some-observations-on-the-Comoro-rousette-Rousettus-Reason-Trewhella/a55cd72caba373a84ee3dfe494e27f833b2d344d
Sarah,Chiroptera,Pteropodidae,Rousettus,spinalatus,Rousettus spinalatus,M,92.32,,,NA,NA,NA,NA,NA,NA,NA,NA,NA,88.7,NA,1,Maryanto 2003
Sarah,Chiroptera,Pteropodidae,Rousettus,spinalatus,Rousettus spinalatus,F,92.32,,,NA,NA,NA,NA,NA,NA,NA,NA,NA,84.95,NA,3,Maryanto 2003
Sarah,Chiroptera,Pteropodidae,Scotonycteris,ophiodon,Scotonycteris ophiodon,M,69.42,,,NA,,,,Bergmans 1990,21.8,NA,4,Bergmans 1990,76.4166667,NA,6,Bergmans 1990
Sarah,Chiroptera,Pteropodidae,Scotonycteris,ophiodon,Scotonycteris ophiodon,F,69.42,,,NA,,,,Bergmans 1990,22.4333333,NA,6,Bergmans 1990,78.4714286,NA,7,Bergmans 1990
Sarah,Chiroptera,Pteropodidae,Scotonycteris,zenkeri,Scotonycteris zenkeri,M,21.3,,,NA,NA,NA,NA,NA,NA,NA,NA,NA,51.1,NA,13,Bergmans 1990
Sarah,Chiroptera,Pteropodidae,Scotonycteris,zenkeri,Scotonycteris zenkeri,F,21.3,,,NA,NA,NA,NA,NA,NA,NA,NA,NA,52.2,NA,10,Bergmans 1990
Sarah,Chiroptera,Pteropodidae,Aethalops,aequalis,Aethalops aequalis,M,NA,,,NA,16.48,NA,7,Tingga and Abdullah 2012,10.4,NA,7,Tingga and Abdullah 2012,43.68,NA,7,Tingga and Abdullah 2012
Sarah,Chiroptera,Pteropodidae,Aethalops,aequalis,Aethalops aequalis,F,NA,,,NA,14.66,NA,4,Tingga and Abdullah 2012,10.87,NA,4,Tingga and Abdullah 2012,43.15,NA,4,Tingga and Abdullah 2012
Sarah,Chiroptera,Pteropodidae,Aethalops,aequalis,Aethalops aequalis,F,NA,,,NA,15.28,NA,2,Tingga and Abdullah 2012,10.36,NA,2,Tingga and Abdullah 2012,38.11,NA,2,Tingga and Abdullah 2012
Sarah,Chiroptera,Pteropodidae,Aethalops,aequalis,Aethalops aequalis,M,NA,,,NA,15.57,NA,3,Tingga and Abdullah 2012,NA,NA,NA,Tingga and Abdullah 2012,43.53,NA,3,Tingga and Abdullah 2012
Sarah,Chiroptera,Pteropodidae,Aethalops,aequalis,Aethalops aequalis,F,NA,,,NA,15.48,NA,6,Tingga and Abdullah 2012,NA,NA,NA,Tingga and Abdullah 2012,42.92,NA,6,Tingga and Abdullah 2012
Sarah,Chiroptera,Pteropodidae,Aethalops,aequalis,Aethalops aequalis,M,NA,,,NA,15.12,NA,7,Tingga and Abdullah 2012,10.26,NA,7,Tingga and Abdullah 2012,44.05,NA,7,Tingga and Abdullah 2012
Sarah,Chiroptera,Pteropodidae,Aethalops,aequalis,Aethalops aequalis,F,NA,,,NA,15.82,NA,16,Tingga and Abdullah 2012,10.72,NA,16,Tingga and Abdullah 2012,43.76,NA,16,Tingga and Abdullah 2012
Sarah,Chiroptera,Pteropodidae,Aethalops,aequalis,Aethalops aequalis,M,NA,,,NA,16,NA,1,Tingga and Abdullah 2012,12,NA,1,Tingga and Abdullah 2012,44,NA,1,Tingga and Abdullah 2012
Sarah,Chiroptera,Pteropodidae,Aethalops,aequalis,Aethalops aequalis,F,NA,,,NA,16.1,NA,2,Tingga and Abdullah 2012,10.5,NA,2,Tingga and Abdullah 2012,45.85,NA,2,Tingga and Abdullah 2012
Sarah,Chiroptera,Pteropodidae,Aethalops,aequalis,Aethalops aequalis,M,NA,,,NA,13.79,NA,4,Tingga and Abdullah 2012,10.74,NA,4,Tingga and Abdullah 2012,44.37,NA,4,Tingga and Abdullah 2012
Sarah,Chiroptera,Pteropodidae,Aethalops,aequalis,Aethalops aequalis,F,NA,,,NA,14.77,NA,8,Tingga and Abdullah 2012,11.24,NA,8,Tingga and Abdullah 2012,44.12,NA,8,Tingga and Abdullah 2012
Sarah,Chiroptera,Pteropodidae,Aethalops,aequalis,Aethalops aequalis,F,NA,,,NA,7.49,NA,6,Tingga and Abdullah 2012,9.74,NA,6,Tingga and Abdullah 2012,43.86,NA,6,Tingga and Abdullah 2012
Sarah,Chiroptera,Pteropodidae,Aethalops,alecto,Aethalops alecto,"2 M, 3 F",15,,,NA,14.61,NA,5,Ramji 2009,13,10.11,5,Ramji 2009,43.13,NA,5,Ramji 2009
Sarah,Chiroptera,Pteropodidae,Sphaerias,blanfordi,Sphaerias blanfordi,not_specified,28.88,,,NA,20.38,1.25,,Feng et al. 2008: https://www.researchgate.net/publication/292559213_Subspecies_differentiation_for_Blanford'_s_fruit_bat_Sphaerias_blanfordi_Pteropodidae_Chiroptera_in_southern_Asia,18.5,1.12,25,Feng et al. 2008: https://www.researchgate.net/publication/292559213_Subspecies_differentiation_for_Blanford'_s_fruit_bat_Sphaerias_blanfordi_Pteropodidae_Chiroptera_in_southern_Asia,53.53,1.97,25,Feng et al. 2008: https://www.researchgate.net/publication/292559213_Subspecies_differentiation_for_Blanford'_s_fruit_bat_Sphaerias_blanfordi_Pteropodidae_Chiroptera_in_southern_Asia
Sarah,Chiroptera,Pteropodidae,Styloctenium,wallacei,Styloctenium wallacei,not_specified,172.42,,,NA,NA,NA,NA,Ransaleleh et al. 2020,23,NA,2,Ransaleleh et al. 2020,105,NA,2,Ransaleleh et al. 2020
Sarah,Chiroptera,Pteropodidae,Syconycteris,australis,Syconycteris australis,not_specified,17.6,,,NA,16.9,NA,80,Kitchener et al. 1994],15.8,NA,80,Kitchener et al. 1994],42.6,NA,80,Kitchener et al. 1994]
Sarah,Chiroptera,Pteropodidae,Syconycteris,carolinae,Syconycteris carolinae,M,39.67,,,NA,23,NA,23,"Boeadi and Flannery 1992. A second record of Synconycteris carolinae Rozendaal, 1984 with notes on habitat and biology. https://books.google.com/books?id=fTldaf9siaUC&pg=PA139&lpg=PA139&dq=Syconycteris+carolinae+and+%22ear+length%22&source=bl&ots=5tslT-HE_x&sig=ACfU3U0Ui1t3y7WJFg2AxBYGzdbvqeTvCA&hl=en&sa=X&ved=2ahUKEwjtyNaZ_P3tAhU0FTQIHd2eAaQQ6AEwAHoECAEQAg#v=onepage&q=Syconycteris%20carolinae%20and%20%22ear%20length%22&f=false",15.2,NA,23,"Boeadi and Flannery 1992. A second record of Synconycteris carolinae Rozendaal, 1984 with notes on habitat and biology. https://books.google.com/books?id=fTldaf9siaUC&pg=PA139&lpg=PA139&dq=Syconycteris+carolinae+and+%22ear+length%22&source=bl&ots=5tslT-HE_x&sig=ACfU3U0Ui1t3y7WJFg2AxBYGzdbvqeTvCA&hl=en&sa=X&ved=2ahUKEwjtyNaZ_P3tAhU0FTQIHd2eAaQQ6AEwAHoECAEQAg#v=onepage&q=Syconycteris%20carolinae%20and%20%22ear%20length%22&f=false",58.4,NA,22,"Boeadi and Flannery 1992. A second record of Synconycteris carolinae Rozendaal, 1984 with notes on habitat and biology. https://books.google.com/books?id=fTldaf9siaUC&pg=PA139&lpg=PA139&dq=Syconycteris+carolinae+and+%22ear+length%22&source=bl&ots=5tslT-HE_x&sig=ACfU3U0Ui1t3y7WJFg2AxBYGzdbvqeTvCA&hl=en&sa=X&ved=2ahUKEwjtyNaZ_P3tAhU0FTQIHd2eAaQQ6AEwAHoECAEQAg#v=onepage&q=Syconycteris%20carolinae%20and%20%22ear%20length%22&f=false"
Sarah,Chiroptera,Pteropodidae,Syconycteris,carolinae,Syconycteris carolinae,F,39.67,,,NA,22.6,NA,22,"Boeadi and Flannery 1992. A second record of Synconycteris carolinae Rozendaal, 1984 with notes on habitat and biology. https://books.google.com/books?id=fTldaf9siaUC&pg=PA139&lpg=PA139&dq=Syconycteris+carolinae+and+%22ear+length%22&source=bl&ots=5tslT-HE_x&sig=ACfU3U0Ui1t3y7WJFg2AxBYGzdbvqeTvCA&hl=en&sa=X&ved=2ahUKEwjtyNaZ_P3tAhU0FTQIHd2eAaQQ6AEwAHoECAEQAg#v=onepage&q=Syconycteris%20carolinae%20and%20%22ear%20length%22&f=false",15.1,NA,22,"Boeadi and Flannery 1992. A second record of Synconycteris carolinae Rozendaal, 1984 with notes on habitat and biology. https://books.google.com/books?id=fTldaf9siaUC&pg=PA139&lpg=PA139&dq=Syconycteris+carolinae+and+%22ear+length%22&source=bl&ots=5tslT-HE_x&sig=ACfU3U0Ui1t3y7WJFg2AxBYGzdbvqeTvCA&hl=en&sa=X&ved=2ahUKEwjtyNaZ_P3tAhU0FTQIHd2eAaQQ6AEwAHoECAEQAg#v=onepage&q=Syconycteris%20carolinae%20and%20%22ear%20length%22&f=false",58.4,NA,23,"Boeadi and Flannery 1992. A second record of Synconycteris carolinae Rozendaal, 1984 with notes on habitat and biology. https://books.google.com/books?id=fTldaf9siaUC&pg=PA139&lpg=PA139&dq=Syconycteris+carolinae+and+%22ear+length%22&source=bl&ots=5tslT-HE_x&sig=ACfU3U0Ui1t3y7WJFg2AxBYGzdbvqeTvCA&hl=en&sa=X&ved=2ahUKEwjtyNaZ_P3tAhU0FTQIHd2eAaQQ6AEwAHoECAEQAg#v=onepage&q=Syconycteris%20carolinae%20and%20%22ear%20length%22&f=false"
Sarah,Chiroptera,Pteropodidae,Syconycteris,hobbit,Syconycteris hobbit,F,20.06,,,NA,NA,NA,NA,NA,12,NA,1,Ziegler 1982,50,NA,1,Ziegler 1982
Sarah,Chiroptera,Pteropodidae,Acerodon,celebensis,Acerodon celebensis,M,384.84,,,NA,58.9,NA,1,Tsang 2015,33.34,NA,1,Tsang 2015,143,NA,1,Tsang 2015
Sarah,Chiroptera,Pteropodidae,Acerodon,celebensis,Acerodon celebensis,F,384.84,,,NA,58.005,NA,2,Tsang 2015,30.575,NA,2,Tsang 2015,135,NA,2,Tsang 2015
Sarah,Chiroptera,Pteropodidae,Acerodon,humilis,Acerodon humilis,,NA,,,NA,,,,,,,,,,,,
Sarah,Chiroptera,Pteropodidae,Acerodon,jubatus,Acerodon jubatus,M,1087.04,,,NA,NA,NA,NA,NA,33,NA,1,Mudar and Allen1986,190,NA,1,Mudar and Allen1986
Sarah,Chiroptera,Pteropodidae,Acerodon,leucotis,Acerodon leucotis,,NA,,,NA,,,,,,,,,,,,
Sarah,Chiroptera,Pteropodidae,Acerodon,mackloti,Acerodon mackloti,not_specified,467.93,,,NA,NA,NA,NA,NA,33,NA,10,Goodwin 1979,143,NA,10,Goodwin 1979
Sarah,Chiroptera,Pteropodidae,Alionycteris,paucidentata,Alionycteris paucidentata,,16.24,,,NA,NA,NA,NA,NA,NA,NA,NA,NA,44.65,NA,7,Nowak 1994. Walker's bats of the World. https://books.google.com/books?id=OmkObkVIJ0EC&pg=PA78&lpg=PA78&dq=Alionycteris+paucidentata+and+%22forearm+length%22&source=bl&ots=NDYJYnowkZ&sig=ACfU3U1lTcY0HmocVErK78z1eIp_iW5K8g&hl=en&sa=X&ved=2ahUKEwjf1tfT_P7tAhWVv54KHd9NCFAQ6AEwDXoECBEQAg#v=onepage&q=Alionycteris%20paucidentata%20and%20%22forearm%20length%22&f=false
Sarah,Chiroptera,Pteropodidae,Aproteles,bulmerae,Aproteles bulmerae,not_specified,623.91,,,NA,NA,NA,NA,NA,NA,NA,NA,NA,156.7,NA,2,Flannery and Seri 1993: https://animaldiversity.org/accounts/Aproteles_bulmerae/#53AB88C0-52F8-11E3-B105-002500F14F28
Sarah,Chiroptera,Pteropodidae,Thoopterus,nigrescens,Thoopterus nigrescens,F,66.12,,,NA,30.5,0.8,3,Wiantoro et al. 2016,15.9,2.5,3,Wiantoro et al. 2016,73.7,3.3,3,Wiantoro et al. 2016
Fifi,Chiroptera,Pteropodidae,Pteropus,brunneus,Pteropus brunneus,M,200,,,NA,NA,NA,,,NA,NA,,,118,NA,NA,"Condor, 2008"
Fifi,Chiroptera,Pteropodidae,Pteropus,caniceps,Pteropus caniceps,M,525.12,,,NA,NA,NA,,,NA,NA,,,138.3,NA,NA,"Bergmans, 2001"
Fifi,Chiroptera,Pteropodidae,Pteropus,caniceps,Pteropus caniceps,F,525.12,,,NA,NA,NA,,,NA,NA,,,129.5,NA,NA,"Bergmans, 2001"
Fifi,Chiroptera,Pteropodidae,Pteropus,capistratus,Pteropus capistratus,NA,NA,,,NA,NA,NA,,,NA,NA,,,NA,NA,,
Fifi,Chiroptera,Pteropodidae,Ptenochirus,jagori,Ptenochirus jagori,NA,79.18,,,96,NA,NA,,,18-20,NA,NA,"Domingo and Buenavista, 2018",82-84,NA,NA,"Domingo and Buenavista, 2018"
Fifi,Chiroptera,Pteropodidae,Ptenochirus,minor,Ptenochirus minor,NA,47.02,,,NA,NA,NA,,,13,NA,NA,"Domingo and Buenavista, 2018",69,NA,NA,"Domingo and Buenavista, 2018"
Fifi,Chiroptera,Pteropodidae,Pteralopex,acrodonta,Pteralopex acrodonta,M,258,,,NA,NA,NA,,,18.3,NA,16,"Parnaby, 2002",127.2,NA,14,"Parnaby, 2002"
Fifi,Chiroptera,Pteropodidae,Pteralopex,acrodonta,Pteralopex acrodonta,F,222,,,NA,NA,NA,,,18.2,NA,16,"Parnaby, 2002",111.2,NA,14,"Parnaby, 2002"
Fifi,Chiroptera,Pteropodidae,Pteralopex,anceps,Pteralopex anceps,NA,574.75,,,NA,NA,NA,,,23.8,5.09,,"Helgen, 2005",154.5,35.71,,"Helgen, 2005"
Fifi,Chiroptera,Pteropodidae,Pteralopex,anceps,Pteralopex anceps,M and F,NA,,,NA,NA,NA,,,NA,NA,,,161.64,26.34,12,"Parnaby, 2002"
Fifi,Chiroptera,Pteropodidae,Pteralopex,atrata,Pteralopex atrata,NA,490.8,,,NA,NA,NA,,,NA,6.27,NA,"Helgen, 2005",137.4,20.34,NA,"Helgen, 2005"
Fifi,Chiroptera,Pteropodidae,Pteralopex,atrata,Pteralopex atrata,M and F,NA,,,NA,NA,NA,,,NA,NA,,,141.68,11.4,10,"Parnaby, 2002"
Fifi,Chiroptera,Pteropodidae,Pteralopex,pulchra,Pteralopex pulchra,F,280,,,NA,NA,NA,NA,,NA,NA,NA,"Parnaby, 2002",117.9,NA,NA,"Parnaby, 2002"
Fifi,Chiroptera,Pteropodidae,Pteralopex,taki,Pteralopex taki,F,NA,,,NA,NA,NA,NA,,15.67,3.33,NA,"Parnaby, 2002",118.8,12.11,NA,"Parnaby, 2002"
Fifi,Chiroptera,Pteropodidae,Pteropus,chrysoproctus,Pteropus chrysoproctus,M,730.19,,,NA,NA,NA,,,,,,,166,NA,NA,"Bergmans, 2001"
Fifi,Chiroptera,Pteropodidae,Pteropus,chrysoproctus,Pteropus chrysoproctus,F,730.19,,,NA,NA,NA,,,,,,,170,NA,NA,"Bergmans, 2001"
Fifi,Chiroptera,Pteropodidae,Pteropus,cognatus,Pteropus cognatus,NA,NA,,,NA,NA,NA,,,NA,NA,,,NA,NA,,
Fifi,Chiroptera,Pteropodidae,Pteropus,conspicillatus,Pteropus conspicillatus,M,760.71,,,NA,NA,NA,,,29,NA,NA,"Bergmans, 2001",163-185,NA,NA,"Bergmans, 2001"
Fifi,Chiroptera,Pteropodidae,Pteropus,conspicillatus,Pteropus conspicillatus,F,760.71,,,NA,NA,NA,,,29,NA,NA,"Bergmans, 2001",155-174,NA,NA,"Bergmans, 2001"
Fifi,Chiroptera,Pteropodidae,Pteropus,conspicillatus,Pteropus conspicillatus,NA,760.71,,,NA,NA,NA,,,,,,,179,NA,NA,"Kompanje and Meliker, 2001"
Fifi,Chiroptera,Pteropodidae,Pteropus,dasymallus,Pteropus dasymallus,NA,491.86,,,372,NA,NA,,,NA,NA,,,135,NA,NA,Vincenot et al. 2016
Fifi,Chiroptera,Pteropodidae,Pteropus,faunulus,Pteropus faunulus,NA,NA,,,NA,NA,NA,,,~ 22.0,NA,,Srinivasulu et al. 2010,110-116,NA,,Srinivasulu et al. 2010
Fifi,Chiroptera,Pteropodidae,Pteropus,fundatus,Pteropus fundatus,NA,210.67,,,NA,NA,NA,,,NA,NA,,,NA,NA,,
Fifi,Chiroptera,Pteropodidae,Pteropus,giganteus,Pteropus giganteus,NA,824.85,,,376.8,NA,NA,,,NA,NA,,,168.4,NA,NA,Singaravelan et al. 2009
Fifi,Chiroptera,Pteropodidae,Pteropus,giganteus,Pteropus giganteus,NA,125,,,376.8,77,NA,11,Rajeshkumar et al. 2013,25,NA,11,Rajeshkumar et al. 2013,162,NA,11,Rajeshkumar et al. 2013
Fifi,Chiroptera,Pteropodidae,Pteropus,giganteus,Pteropus giganteus,M and F,NA,,,376.8,70,2.36,3 M and 1 F,Shil et al. 2013,,,,,,,,
Fifi,Chiroptera,Pteropodidae,Pteropus,giganteus,Pteropus giganteus,M,NA,,,376.8,69.65,18.5,4,Kumar et al. 2016,35.1,5.09,4,Kumar et al. 2016,150.66,12.07,4,Kumar et al. 2016
Fifi,Chiroptera,Pteropodidae,Pteropus,gilliardorum,Pteropus gilliardorum,NA,406.94,,,NA,NA,NA,,,NA,NA,,,NA,NA,,
Fifi,Chiroptera,Pteropodidae,Pteropus,griseus,Pteropus griseus,M,311.15,,,NA,NA,NA,,,24.13,12.17,13,"Sheherazade and Tsang, 2018",126.6,17.32,13,"Sheherazade and Tsang, 2018"
Fifi,Chiroptera,Pteropodidae,Pteropus,griseus,Pteropus griseus,F,269.75,,,NA,NA,NA,,,23.5,1.99,4,"Sheherazade and Tsang, 2019",125.63,12.72,4,"Sheherazade and Tsang, 2018"
Fifi,Chiroptera,Pteropodidae,Rousettus,aegyptiacus,Rousettus aegyptiacus,NA,134,,,274.8,42,9.4,7,Karatas et al. 2003,24,6.67,8,Karatas et al. 2003,90,19.2,11,Karatas et al. 2003
Fifi,Chiroptera,Pteropodidae,Rousettus,amplexicaudatus,Rousettus amplexicaudatus,NA,74.37,,,NA,NA,NA,,,18-21,NA,NA,Domingo and Buenavista 2018,80-87,NA,NA,"Domingo and Buenavista, 2018"
Fifi,Chiroptera,Pteropodidae,Rousettus,amplexicaudatus,Rousettus amplexicaudatus,M,80,,,NA,NA,NA,,,NA,NA,,,81.55,NA,12,"Bergmans and Rozendaal, 1988"
Fifi,Chiroptera,Pteropodidae,Rousettus,amplexicaudatus,Rousettus amplexicaudatus,F,50-70,,,NA,NA,NA,,,NA,NA,,,79.35,NA,9,"Bergmans and Rozendaal, 1988"
Fifi,Chiroptera,Pteropodidae,Pteropus,howensis,Pteropus howensis,NA,232.92,,,NA,NA,NA,,,NA,NA,,,NA,NA,,
Fifi,Chiroptera,Pteropodidae,Pteropus,hypomelanus,Pteropus hypomelanus,NA,435.61,,,NA,NA,NA,,,NA,NA,,,110-116,NA,NA,Srinivasulu et al. 2010
Fifi,Chiroptera,Pteropodidae,Pteropus,insularis,Pteropus insularis,NA,NA,,,NA,NA,NA,,,NA,NA,,,NA,NA,,
Fifi,Chiroptera,Pteropodidae,Plerotes,anchietae,Plerotes anchietae,F,NA,,,NA,NA,NA,,,NA,NA,,,53,NA,1,"Harrison, 1960"
Fifi,Chiroptera,Pteropodidae,Plerotes,anchietae,Plerotes anchietae,M,NA,,,NA,20.2,NA,NA,Kock et al. 1998,17.8,NA,NA,Kock et al. 1998,50.6,NA,NA,Kock et al. 1998
Fifi,Chiroptera,Pteropodidae,Pteropus,intermedius,Pteropus intermedius,NA,NA,,,NA,NA,NA,,,NA,NA,,,NA,NA,,
Fifi,Chiroptera,Pteropodidae,Pteropus,keyensis,Pteropus keyensis,NA,NA,,,NA,NA,NA,,,NA,NA,,,NA,NA,,
Fifi,Chiroptera,Pteropodidae,Pteropus,leucopterus,Pteropus leucopterus,M,343.81,,,NA,,,,,26.58,NA,4,Van Weerd et al. 2002,139.48,NA,4,Van Weerd et al. 2002
Fifi,Chiroptera,Pteropodidae,Pteropus,leucopterus,Pteropus leucopterus,F,343.81,,,NA,,,,,23,NA,1,Van Weerd et al. 2002,157,NA,1,Van Weerd et al. 2002
Fifi,Chiroptera,Pteropodidae,Pteropus,livingstonii,Pteropus livingstonii,M,734.27,,,NA,NA,NA,,,NA,NA,,,601.5,NA,21,Smith and Leslie Jr. 2006
Fifi,Chiroptera,Pteropodidae,Pteropus,livingstonii,Pteropus livingstonii,F,734.27,,,NA,NA,NA,,,NA,NA,,,168.3,NA,2,Smith and Leslie Jr. 2006
Fifi,Chiroptera,Pteropodidae,Pteropus,lombocensis,Pteropus lombocensis lombocensis,NA,256.15,,,NA,52.5,5.09,11,"Kitchener and Maharadatunkams, 1995",26.8,2.74,11,"Kitchener and Maharadatunkams, 1995",117.4,10.19,11,"Kitchener and Maharadatunkams, 1995"
Fifi,Chiroptera,Pteropodidae,Pteropus,lombocensis,Pteropus lombocensis heudei,NA,,,,,51.2,9.01,18,"Kitchener and Maharadatunkams, 1995",27.5,3.92,18,"Kitchener and Maharadatunkams, 1995",114.6,16.86,18,"Kitchener and Maharadatunkams, 1995"
Fifi,Chiroptera,Pteropodidae,Pteropus,loochoensis,Pteropus loochoensis,NA,NA,,,NA,NA,NA,,,NA,NA,,,NA,NA,,